{
  "msg": [
    {"name": "小菜鸟", "value": "今天赚了100金币"},
    {"name": "黑面狼", "value": "就是太难了，能不能简单点就是太难了，能不能简单点"},
    {"name": "绯红柳叶", "value": "不好玩"},
    {"name": "小菜鸟", "value": "今天赚了100金币"},
    {"name": "黑面狼", "value": "就是太难了，能不能简单点就是太难了，能不能简单点"},
    {"name": "绯红柳叶", "value": "不好玩"},
    {"name": "小菜鸟", "value": "今天赚了100金币"},
    {"name": "黑面狼", "value": "就是太难了，能不能简单点就是太难了，能不能简单点"},
    {"name": "绯红柳叶", "value": "不好玩"},
    {"name": "小菜鸟", "value": "今天赚了100金币"},
    {"name": "黑面狼", "value": "就是太难了，能不能简单点就是太难了，能不能简单点"},
    {"name": "绯红柳叶", "value": "不好玩"},
    {"name": "小菜鸟", "value": "今天赚了100金币"},
    {"name": "黑面狼", "value": "就是太难了，能不能简单点就是太难了，能不能简单点"},
    {"name": "绯红柳叶", "value": "不好玩"},
    {"name": "小菜鸟", "value": "今天赚了100金币"},
    {"name": "黑面狼", "value": "就是太难了，能不能简单点就是太难了，能不能简单点"},
    {"name": "绯红柳叶", "value": "不好玩"},
    {"name": "小菜鸟", "value": "今天赚了100金币"},
    {"name": "黑面狼", "value": "就是太难了，能不能简单点就是太难了，能不能简单点"},
    {"name": "绯红柳叶", "value": "不好玩"},
    {"name": "小菜鸟", "value": "今天赚了100金币"},
    {"name": "黑面狼", "value": "就是太难了，能不能简单点"},
    {"name": "绯红柳叶", "value": "不好玩"}
  ],
  "high_score": "101013",
  "download_times": "30113"
}